[{
  "_id": "61176bd0b7214f2e1ce6332a",
  "isActive": true,
  "visits": 28,
  "title": "Some poster",
  "amount": 90000,
  "region": "Samarqand",
  "category": "electronics",
  "description": "<p>Some description for some poster</p>\r\n",
  "image": "uploads/image-1628924878025.png",
  "author": "60feb5c268ef8d0438215698"
},{
  "_id": "6118fc286ab4150cbc55655b",
  "isActive": true,
  "visits": 2,
  "title": "Xovli uy sotiladi",
  "amount": 680000000,
  "region": "Farg'ona",
  "category": "realty",
  "description": "<p>Фарғона шахар. Фрунзе массивида. 8 сотих. 2 этаж котедж. 1 -этаж 250 м.кв 5 хонадан иборат- тўлиқ битган. 2 та сан узел . 2 -этаж 280кв.м тулик битказилмаган-котта зал куринищида. Пишган гиштдан 2017 йилда курилган. (160 000 пишган ғишт<br />\r\nурилган) Мулжал Гидрометцентр (Раксана ресторани орқа махаласида). Кадастр хужжатлари 2019 йилда янгиланган. Ипотекага оламан деганларга хам имконият бор. (Нархини келишамиз)</p>\r\n",
  "image": "uploads/image-1629027368362.jpg",
  "author": "61176d4d5f9e952d1c61c6ff"
},{
  "_id": "6118fc8b6ab4150cbc556560",
  "isActive": true,
  "visits": 2,
  "title": "Spark Avtomat R2 2017",
  "amount": 78000000,
  "region": "Toshkent",
  "category": "transport",
  "description": "<p>Продам свою машину Спарк автомат R2 2017 года. С пробегом 37.000 .Экспортный вариант. Полный фул. Есть краска петно на капоте и левое крыло. В Дтп не участвовала .Проверка у любого мастера .Масло, фильтр меняла каждые 5000 тысяч километров .Бензин 92 .Все родное . Разумный Торг у капота !</p>\r\n",
  "image": "uploads/image-1629027467137.jpg",
  "author": "61176d4d5f9e952d1c61c6ff"
},{
  "_id": "6118fccd6ab4150cbc556566",
  "isActive": true,
  "visits": 2,
  "title": "Lizing asosida Malibu 2 Premier yillik tolov 10%",
  "amount": 369000000,
  "region": "Namangan",
  "category": "transport",
  "description": "<p>Boshlang&#39;ich to&#39;lov 30 % va GAI hujjatlari bilan 148 528 000 so&#39;m<br />\r\n<br />\r\n12 oy - 23 677 000 so&#39;m<br />\r\n24 oy - 12 915 000 so&#39;m<br />\r\n36 oy - 9 327 000 so&#39;m<br />\r\n48 oy - 7 533 000 so&#39;m<br />\r\n60 oy -6 457 000 so&#39;m<br />\r\n<br />\r\nBoshlang&#39;ich to&#39;lov kiriting va yillik 10% dan hujjatlarni rasmiylashtirish imkoniga ega bo&#39;ling.<br />\r\nSizdan faqatgina PASPORT va BOSHLANG&#39;ICH to&#39;lov uchun mablag&#39; talab etiladi.<br />\r\nAVTOMOBILLAR mijozlarga to&#39;g&#39;ridan to&#39;g&#39;ri zavoddan keltirib beriladi.<br />\r\nSizdan ortiqcha hujjatlar talab etilmaydi. Barcha to&#39;lovlardan so&#39;ng avtomobilni o&#39;z nomingizga MUAMMOSIZ rasmiylashtirishingiz mumkin.<br />\r\nShoshiling chegirma kunlari cheklangan !<br />\r\n<br />\r\n&quot;UMID AUTO LIZING&quot; - O&#39;zbekistondagi yetakchi va eng birinchi AVTO LIZING kompaniyalrdan biri hisoblanib, 5 yildan beri O&#39;zbekiston bozorlarida o&#39;z faoliyatini olib bormoqda.</p>\r\n",
  "image": "uploads/image-1629027533632.jpg",
  "author": "61176d4d5f9e952d1c61c6ff"
},{
  "_id": "6118fd206ab4150cbc55656b",
  "isActive": true,
  "visits": 2,
  "title": "Hyundai Tucson 2021 High - Tech",
  "amount": 427000000,
  "region": "Termiz",
  "category": "transport",
  "description": "<p>Hyundai brendining O&#39;zbekistondagi rasmiy distribyutoridan Hyundai Tucson 2021 High-Tech sotiladi.<br />\r\nQuyidagi komplektatsiyalar mavjud:<br />\r\nComfort - 347 000 000 so`m<br />\r\nHigh-Tech - 427 000 000 so`m<br />\r\nLuxe - 485 000 000 so`m<br />\r\n<br />\r\n2.0 MPI 6AT 150 л.с., benzinda Hyundai Tucson СComfort<br />\r\nStandart qo&#39;shimchalar:<br />\r\n-Haydovchi va old yo&#39;lovchi uchun xavfsizlik yostiqchalari<br />\r\n-ABS<br />\r\n-ESC (barqarorlashtirish tizimi)<br />\r\n-Bluetooth<br />\r\n-Audiotizimni rul orqali boshqarish<br />\r\n-Kalitda markaziy qulflash uchun boshqaruv paneli<br />\r\n-Elektroprivod ishlaydigan va isitiladigan tashqi oynalar<br />\r\n<br />\r\nTo&#39;lovning har qanday shakli.<br />\r\n<br />\r\nBarcha transport vositalariga 3 yil yoki 100 000 km kafolat beriladi.<br />\r\n<br />\r\nCASCO sug&#39;urtasi mavjud.<br />\r\nSalon manzili: ТошкентШахар Яккасарой тумани Кичик халка йули 22Б уй<br />\r\n+998 78 122 0777<br />\r\n+998 90 901 1767 ANVAR<br />\r\n<br />\r\nРежим работы: ежедневно с 09.00 до 20.00.<br />\r\n<br />\r\nПродается Hyundai Tucson High-Tech, официальным дистрибьютором бренда Hyundai в Узбекистане. В наличии имеются следующие комплектации:<br />\r\n<br />\r\n2.0 MPI 6AT 150 л.с., бензиновый Hyundai Tucson High-Tech<br />\r\n<br />\r\nСтандартное оснащение:<br />\r\n- Фронтальные подушки безопасности водителя и переднего пассажира<br />\r\n- ABS<br />\r\n- ESC (система стабилизации)<br />\r\n- Bluetooth<br />\r\n- Управление аудиосистемой на руле<br />\r\n- Пульт управления центральным замком в раскладном ключе<br />\r\n- Наружные зеркала с электроприводом и обогревом<br />\r\n- Складывающаяся спинка заднего сиденья в пропорции 6:4<br />\r\n<br />\r\nФорма оплаты любая.<br />\r\n<br />\r\nГарантия на все автомобили 3 года или 100 000 км.<br />\r\n<br />\r\nИмеется страхование КАСКО<br />\r\nАдрес: г.Ташкент,Яккасарайский район,ул.Малая колцевая,дом 22В<br />\r\n+998 78 122 0777<br />\r\n+998 90 901 1767 ANVAR<br />\r\nРежим работы: ежедневно с 09.00 до 20.00.<br />\r\n<br />\r\nАктуальную цену и дополнительную информацию просим уточнять в автосалонах по вышеуказанным номерам call-centre<br />\r\n&nbsp;</p>\r\n",
  "image": "uploads/image-1629027614566.jpg",
  "author": "61176d4d5f9e952d1c61c6ff"
},{
  "_id": "6118fd836ab4150cbc556570",
  "isActive": true,
  "visits": 2,
  "title": "(К106325) Продается 2-х комнатная квартира в Чиланзарском районе.",
  "amount": 400000000,
  "region": "Qarshi",
  "category": "realty",
  "description": "<p>(К106325)<br />\r\nПродается 2-х комнатная квартира в Чиланзарском районе.<br />\r\n<br />\r\nРасположение: Чиланзар 7<br />\r\nОриентир: Круг Октепа<br />\r\nРасстояние до метро: От 1000 (м) до 2000 (м)<br />\r\n<br />\r\nКол-во комнат: 2<br />\r\nЭтаж: 4<br />\r\nЭтажность: 4<br />\r\n<br />\r\nОбщая площадь: 48<br />\r\nБалкон: 1.5 * 3<br />\r\nСан. узел: Раздельный<br />\r\nСостояние / ремонт: Капитальный ремонт<br />\r\n<br />\r\nТип постройки : Хрущевка<br />\r\nТип строения : Панель<br />\r\nТорец: Не торец<br />\r\nПланировка: Смежная<br />\r\n<br />\r\nМебель: Да<br />\r\nТехника: Да<br />\r\nПластиковые окна: Да<br />\r\nКондиционер: Да<br />\r\n<br />\r\nПод офис: Нет</p>\r\n",
  "image": "uploads/image-1629027715266.jpg",
  "author": "61176d4d5f9e952d1c61c6ff"
},{
  "_id": "6118fdcd6ab4150cbc556575",
  "isActive": true,
  "visits": 4,
  "title": "Продаётся новый евро дом 4 соток!!",
  "amount": 600000000000,
  "region": "Nukus",
  "category": "realty",
  "description": "<p>Адрес:Мирзо Улугбекский район<br />\r\nОриентир: Никитина<br />\r\nПараметры<br />\r\nУчасток: 4 соток<br />\r\nКомнат: 7<br />\r\nСанузел: 7<br />\r\nХолл: 1<br />\r\nБассейн<br />\r\nСауна<br />\r\nОбщая квадратура: 600 кв.м</p>\r\n",
  "image": "uploads/image-1629027787527.jpg",
  "author": "61176d4d5f9e952d1c61c6ff"
},{
  "_id": "6118fe9b6ab4150cbc556597",
  "isActive": true,
  "visits": 2,
  "title": "Iphone 8 plus 64gb srocno",
  "amount": 3000000,
  "region": "Buxoro",
  "category": "electronics",
  "description": "<p>Продам Iphone 8 plus 64gb black состояние хорошое все работает коробка док есть турбо сим звоните на смс не отвечаю продам срочно</p>\r\n",
  "image": "uploads/image-1629027993593.jpg",
  "author": "6118fe536ab4150cbc556593"
},{
  "_id": "6118ff096ab4150cbc55659c",
  "isActive": true,
  "visits": 2,
  "title": "I5-2400/Ozu:8gb/SSD120gb/HDD500gb/Blok450w",
  "amount": 1600000,
  "region": "Xorazm",
  "category": "electronics",
  "description": "<p>Продам новый комплект:<br />\r\nПроцессор<br />\r\nКлавиатура<br />\r\nМышка<br />\r\nШнур питания<br />\r\n<br />\r\nМОНИТОРсиз!<br />\r\n<br />\r\nКомпьютер янги!<br />\r\n<br />\r\nКомпьютер характеристикаси:<br />\r\n1. Intel core I5 2400 4ядро 4потока<br />\r\n2. SSD 120gb Lexar<br />\r\n3. HDD 500GB Seagate<br />\r\n4. Intel Hd graphics 1gb<br />\r\n5. Block 450w<br />\r\n6. Куллер RGB<br />\r\n7. Esonic H61-DS3 USB 3.0</p>\r\n",
  "image": "uploads/image-1629028104030.jpg",
  "author": "6118fe536ab4150cbc556593"
},{
  "_id": "6118ff506ab4150cbc5565a1",
  "isActive": true,
  "visits": 2,
  "title": "Игровой геймерский набор Defender",
  "amount": 265000,
  "region": "Navoiy",
  "category": "electronics",
  "description": "<p>Новый игровой качественный набор для геймера Defender 006<br />\r\nМышь+ наушники+ коврик<br />\r\nВозможен небольшой кредит на 6 мес</p>\r\n",
  "image": "uploads/image-1629028176162.jpg",
  "author": "6118fe536ab4150cbc556593"
},{
  "_id": "6118ffd16ab4150cbc5565a7",
  "isActive": true,
  "visits": 2,
  "title": "Крупной компании требуются девушки на должность оператор колл центра и",
  "amount": 2500000,
  "region": "Andijon",
  "category": "jobs",
  "description": "<p>Крупной компании требуются девушки на должность мененджер по продажа, и офис мененджер. Сдуденты не берём. Требования: -Возраст от 20 до 35 лет. -Знание Узбекского и Русского языков (ОБЯЗАТЕЛЬНО). -Пользовательский уровень владения компьютером. -Опыт работы не имеет значения. Обучение с нашей стороны. Оклад от 2500000 до 3.000.000 с возможностью официального трудоустройства. Расположение: Звонить и отправлять резюме сюда 93) 524 02 02</p>\r\n",
  "image": "uploads/image-1629028305020.jpg",
  "author": "6118fe536ab4150cbc556593"
},{
  "_id": "6119009f8a5d2b3568b92257",
  "isActive": true,
  "visits": 2,
  "title": "Kassir / Кассир г. Ургут",
  "amount": 1600000,
  "region": "Guliston",
  "category": "jobs",
  "description": "<p><strong>KORZINKA.UZ do&#39;kon tarmog&#39;iga biz sizni kassir lavozimida ishlashga taklif etamiz !</strong></p>\r\n\r\n<p>&nbsp;</p>\r\n\r\n<p>Sizga taklif qilamiz:</p>\r\n\r\n<ul>\r\n\t<li>Kechikishlarsiz to&#39;lovlar, barqaror kompaniya (bozorda 25 yildan ortiq) ;</li>\r\n\t<li>Birinchi ish kunidan rasmiy ishga joylashish (kasallik varaqasi, , mehnat ta&#39;tillari, suyunchi va boshqa ijtimoiy to&#39;lovlar qonunchilikka muvofiq).</li>\r\n\t<li>Bizning jarayonlarimiz va vazifalarimiz bo&#39;yicha ish beruvchi tomonidan ta&#39;lim beriladi;</li>\r\n\t<li>Qobiliyatli xodimlarga boshqa lavozimlarga o&#39;qish&nbsp;va rivojlanish imkoniyatlari mavjud;</li>\r\n\t<li>Kompaniya tomonidan ovqat bilan ta&#39;minlanadi;</li>\r\n\t<li>Kompaniyada qo&#39;shimcha to&#39;lovlar va xodimlarini qo&#39;shimcha rag&#39;batlantirish tizimi mavjud;</li>\r\n\t<li>O&#39;zgaruvchan ish smenalari (oxirgi ish smenasi 00:00da tugaydi, siz har qanday smenalarda ishlashga tayyor bo&#39;lishingiz kerak, smenalar bir oyga belgilanadi);</li>\r\n\t<li>Qo&#39;shimcha ish soatlar uchun to&#39;lov mavjud;</li>\r\n\t<li>O&#39;quv, moslashtirish, jarayonlarga kirish (sinov muddati bosqichida) Biz tajribali murabbiyga biriktiramiz, o&#39;qitamiz, shaxsiy amaliyot rejasini ishlab chiqamiz;</li>\r\n\t<li>Kompaniya o&#39;z xodimlariga universitetlarda shartnomalar to&#39;lash shaklida imtiyoz beradi;</li>\r\n\t<li>Tajribasiz ishlash imkoniyati (biz hamma narsani o&#39;zimiz o&#39;rgatamiz)</li>\r\n</ul>\r\n\r\n<p>&nbsp;</p>\r\n\r\n<p>Ushbu&nbsp;lavozimlarga suhbatdan o&#39;tishingiz uchun, +998781401414 (24/7) rakamiga qo&#39;ng&#39;iroq qiling, ma&#39;lumotlaringizni qoldiring va biz siz bilan bog&#39;lanamiz va sizni suhbatga taklif qilamiz.</p>\r\n\r\n<p>&nbsp;</p>\r\n\r\n<p><strong>В магазин KOrzinka.uz приглашаем вас на работу&nbsp;в должность кассира!</strong></p>\r\n\r\n<p>&nbsp;</p>\r\n\r\n<p>Мы вам предлагаем:</p>\r\n\r\n<ul>\r\n\t<li>Стабильные выплаты без задержек в стабильной компании (более 25 лет на рынке);</li>\r\n\t<li>Официальное трудоустройство с первого рабочего дня (больничные, трудовой отпуск, суюнчи и прочие социальные выплаты согласно законодательству);</li>\r\n\t<li>Есть возможности карьерного роста и развития для способных сотрудников и обучения другим должностям;</li>\r\n\t<li>Питание от компании;</li>\r\n\t<li>В компании существуют дополнительные выплаты и система дополнительного поощрения сотрудников компании;</li>\r\n\t<li>Сменный график (последняя смена заканчивается в 00:00, вы должны быть готовы работать в любом графике, смены выставляются на месяц);</li>\r\n\t<li>Оплата сверхурочных и ночных часов (мужчинам заканчивающую работу в 00:00 частично оплачиваем&nbsp;дорожные расходы , женщин и девушек развозим до дома);</li>\r\n\t<li>Обучение, адаптация, введение в процессы (на этапе испытательного срока). Закрепляем за опытным наставником, обучаем, разрабатываем индивидуальный план стажировки.</li>\r\n\t<li>Компания предоставляет льготу в виде оплаты контрактов в ВУЗах своим сотрудникам.</li>\r\n\t<li>Возможность работы без опыта (сами всему научим).</li>\r\n</ul>\r\n\r\n<p>&nbsp;</p>\r\n\r\n<p><strong>Чтобы пройти интервью на эту вакансию вам нужно, позвонить на номер :</strong></p>\r\n\r\n<p>+99878 140 14 14 ( 24\\7) оставить свои данные, мы свяжемся и пригласим на собеседование</p>\r\n",
  "image": "uploads/image-1629028511452.jpg",
  "author": "6118fe536ab4150cbc556593"
}]